tile_name,lon_center,lat_center
grid_0,121.68955472441392,31.018555894471163
grid_1,121.69677829894616,31.019013541706357
grid_10,121.77785209886338,31.01722010446778
grid_100,121.83216318931527,31.0489453309311
grid_101,121.84035570048756,31.0493510721076
grid_102,121.84968095691049,31.048991952844172
grid_103,121.85733876336036,31.051063749550444
grid_104,121.86439333851165,31.048875448360313
grid_105,121.68872009873736,31.057516778412683
grid_106,121.69837664701994,31.058431816294263
grid_107,121.70758102547339,31.059332490577216
grid_108,121.71512454658136,31.058295631181046
grid_109,121.72598626775117,31.055557750272758
grid_11,121.788568175624,31.016962245048205
grid_110,121.7335326356192,31.057482289435107
grid_111,121.74346796261656,31.057039021060124
grid_112,121.75179898365914,31.056806525321523
grid_113,121.76067624696937,31.057368420038493
grid_114,121.76968044248272,31.057713876185225
grid_115,121.7788432006138,31.05708716236947
grid_116,121.7891411458485,31.057620428583732
grid_117,121.79705753807156,31.057389816413366
grid_118,121.80600811111866,31.056651336390097
grid_119,121.81371303197214,31.05737297780042
grid_12,121.79758906191935,31.018063434438876
grid_120,121.8252944445203,31.058286047592826
grid_121,121.83377809444157,31.057907118755253
grid_122,121.84058767277499,31.056923228155707
grid_123,121.8515388221809,31.055950393389658
grid_124,121.8556755707016,31.05653652103347
grid_126,121.68984924885123,31.065240688066762
grid_127,121.6986720666041,31.065778535372303
grid_128,121.70597724228907,31.065839675900857
grid_129,121.71554389049732,31.06537117306025
grid_13,121.80518390885739,31.018853491334344
grid_130,121.72449246099212,31.065411657873383
grid_131,121.73310915171903,31.064883068496435
grid_132,121.74234570296812,31.06546040116949
grid_133,121.74942244187343,31.066120305754197
grid_134,121.76335736515243,31.06527966108002
grid_135,121.76794590138556,31.06514544774221
grid_136,121.77932646665995,31.066282289781732
grid_137,121.78966867199334,31.064819071011904
grid_138,121.7954109267291,31.064724149184144
grid_139,121.80477746204225,31.06472155815407
grid_14,121.81449722542716,31.019825457581604
grid_140,121.81504293942814,31.064829252777866
grid_141,121.82318860387468,31.065127658074367
grid_142,121.83194326260471,31.064871418326018
grid_143,121.84143010045277,31.06437205151226
grid_144,121.84931315588207,31.063130107125446
grid_145,121.86242906339427,31.06622841438996
grid_147,121.68920830171221,31.074997727650068
grid_148,121.6993298075607,31.072249898728167
grid_149,121.70660920232828,31.072926783042302
grid_15,121.82259129879827,31.020150350711337
grid_150,121.7157796440607,31.073040958100176
grid_151,121.72395572692675,31.07249518395864
grid_152,121.73387000764782,31.072475215569202
grid_153,121.74225869172908,31.073435294852942
grid_154,121.75164249481954,31.07295747071033
grid_155,121.76045395316122,31.072843476497372
grid_156,121.7705011804516,31.071375012814027
grid_157,121.77922160630742,31.07250013268553
grid_158,121.78855633153013,31.072637048975647
grid_159,121.79695240388499,31.07280317695178
grid_16,121.83349149012768,31.020208491843654
grid_160,121.80512262413376,31.073295609359796
grid_161,121.81491875957275,31.074554252665024
grid_162,121.82299177987063,31.07271781923409
grid_163,121.83124886233395,31.07276053932728
grid_164,121.84139623616349,31.072720411370863
grid_165,121.84915264883777,31.072270282208983
grid_166,121.85822643151437,31.072406376252232
grid_168,121.6892489850665,31.081010945139813
grid_169,121.69887927487346,31.07919955628722
grid_17,121.84071279596064,31.019465389467403
grid_170,121.70699830111863,31.080922232501187
grid_171,121.71482263601824,31.081702271586924
grid_172,121.72467374450069,31.08051487408564
grid_173,121.7340456428314,31.081122147808845
grid_174,121.7429197627453,31.080691422965323
grid_175,121.75023803707325,31.08061681584853
grid_176,121.75946915293827,31.081412720424073
grid_177,121.77053163773128,31.081577017433908
grid_178,121.7800294191313,31.080802083522997
grid_179,121.78895036297898,31.080143483878246
grid_18,121.85150632920156,31.01936084644671
grid_180,121.7967329971722,31.08105003430214
grid_181,121.80449976621917,31.081281392700355
grid_182,121.8142249128319,31.08142380851684
grid_183,121.8253931008364,31.080821536491865
grid_184,121.83148054185433,31.081539618285085
grid_185,121.8422230524627,31.08028535748868
grid_186,121.84798372990961,31.082894247223905
grid_187,121.85880718861951,31.077648499933527
grid_189,121.6890315543358,31.088177333476278
grid_19,121.85938082218635,31.01888823897947
grid_190,121.69900285245637,31.08801253282156
grid_191,121.7076872618452,31.08836198204168
grid_192,121.7159428158828,31.08750878518961
grid_193,121.72473433568618,31.088152525060707
grid_194,121.73551579844704,31.088852669431002
grid_195,121.7432887880566,31.089230025027717
grid_196,121.7531637793855,31.08837507164531
grid_197,121.758986799184,31.088125071815966
grid_198,121.76964634941483,31.088046542871847
grid_199,121.77847422669903,31.088821163954034
grid_2,121.70796228251287,31.018172528784483
grid_20,121.86422599306682,31.018061380192783
grid_200,121.78801722537925,31.088388885445408
grid_201,121.79634470152227,31.088554231781462
grid_202,121.80428087079002,31.088813914294903
grid_203,121.81293660425403,31.08829931694042
grid_204,121.82423324719271,31.089122214054925
grid_205,121.83151329661146,31.087750420603168
grid_206,121.83975910807781,31.087751502069317
grid_207,121.84980747707901,31.08837359154156
grid_208,121.85653656321377,31.09102052572313
grid_21,121.68938622275265,31.025922952077714
grid_210,121.68794784911967,31.09543748371523
grid_211,121.69601236786862,31.09684727726416
grid_212,121.70638859669027,31.095959428608776
grid_213,121.71652573906321,31.09581050379919
grid_214,121.7252192279023,31.09576612479996
grid_215,121.73460387159118,31.09628150209562
grid_216,121.74354606709946,31.09554428349766
grid_217,121.75157183871409,31.097984503173674
grid_218,121.75922011649159,31.09580361550023
grid_219,121.77226782108488,31.094989767131548
grid_22,121.69772010881829,31.02638203795231
grid_220,121.77892116273047,31.096065589761068
grid_221,121.78791411493981,31.09551818957053
grid_222,121.7984913983754,31.096591066061006
grid_223,121.80611974971423,31.09563212592632
grid_224,121.81414660579888,31.096310664785552
grid_225,121.82492930355573,31.09498857646561
grid_226,121.83303413915873,31.096717485916436
grid_227,121.83937758158851,31.09472942198855
grid_228,121.8514975719349,31.096443806596554
grid_229,121.85611490143653,31.09683968456308
grid_23,121.7081289844297,31.028470463695406
grid_231,121.68999974194259,31.103670308198357
grid_232,121.69783645891178,31.104824622139233
grid_233,121.70630026145633,31.103224531882315
grid_234,121.71455680785085,31.104532727718087
grid_235,121.72496243333819,31.10434896504556
grid_236,121.73512973164794,31.10270795551399
grid_237,121.74296712601596,31.103202428574622
grid_238,121.75102620893664,31.10360564111408
grid_239,121.75948595163864,31.102152246076574
grid_24,121.71565354970292,31.02758921569399
grid_240,121.77150131461815,31.105244392081755
grid_241,121.77810284240348,31.10338228906559
grid_242,121.78761495587659,31.102586576087496
grid_243,121.7986882047199,31.10110262908076
grid_244,121.80603535455376,31.102440709617692
grid_245,121.81487518633728,31.102073689868458
grid_246,121.8247351811241,31.102829565859615
grid_247,121.83144359542894,31.10399302341245
grid_248,121.84399411910826,31.103417394459694
grid_249,121.85332476085539,31.103459607488006
grid_25,121.72510765254565,31.027105424246862
grid_250,121.85531679333711,31.102631715859555
grid_252,121.68965719464062,31.111770251299856
grid_253,121.69712262324428,31.110721845191918
grid_254,121.70815271636478,31.110821665758593
grid_255,121.71464458040508,31.111511178515617
grid_256,121.72466031984987,31.111038391534176
grid_257,121.73368604979154,31.111724263057905
grid_258,121.7428122695468,31.112196252745004
grid_259,121.75150583335818,31.111980333656472
grid_26,121.73448530037109,31.026673230621704
grid_260,121.76099294524967,31.112076498396195
grid_261,121.77062546038614,31.11195758663475
grid_262,121.77911763126362,31.112310119179753
grid_27,121.74252788043515,31.02702487087399
grid_270,121.84794052008883,31.109151024918756
grid_271,121.86021955292432,31.11345136580604
grid_273,121.6899356591487,31.11819265702828
grid_274,121.69727041045888,31.11944400536217
grid_275,121.7063005821062,31.12048418496062
grid_276,121.71585367857789,31.120464356721282
grid_277,121.72536808497611,31.119214891079455
grid_278,121.7333406993147,31.11936689997748
grid_279,121.74280165656744,31.120186148095478
grid_28,121.75130461093995,31.027347410574635
grid_280,121.75134966782717,31.11854909873977
grid_281,121.76050817727244,31.119145456944764
grid_282,121.76950606495063,31.119164278958518
grid_283,121.78132938676771,31.11844104717955
grid_29,121.76006558894258,31.027050974034776
grid_291,121.8476141497279,31.121669618265276
grid_294,121.68965543439992,31.126790074917352
grid_295,121.69614604151948,31.126828742967973
grid_296,121.70643056413907,31.12642064202593
grid_297,121.71662770975625,31.12692416707125
grid_298,121.72542061949095,31.12657411358888
grid_299,121.73447788971868,31.12649188157319
grid_3,121.71504632494434,31.017907595137405
grid_30,121.77078360666346,31.027007873333694
grid_300,121.74288356522383,31.126129594478456
grid_301,121.7504607101469,31.126955023493363
grid_302,121.76031959552581,31.126448381711953
grid_303,121.76880197219631,31.127282507017558
grid_304,121.7789900736842,31.125148372747763
grid_31,121.77652755211744,31.027153527266986
grid_315,121.68912304892851,31.13526775235809
grid_316,121.69849453553809,31.13424465612115
grid_317,121.70552938900047,31.13494967630022
grid_318,121.7157868292519,31.135988332997872
grid_319,121.72462663909013,31.134364507002655
grid_32,121.78908900407428,31.02670320824994
grid_320,121.73271948120815,31.134815765656597
grid_321,121.74272698980093,31.13514764617907
grid_322,121.75215719259857,31.135128602502512
grid_323,121.76170366470595,31.134713046585293
grid_324,121.76799793930115,31.13307091557078
grid_325,121.7786731183165,31.13446834437043
grid_33,121.79718905038152,31.025627611283873
grid_336,121.68700710597841,31.143096864157737
grid_337,121.69681687123206,31.142587600546975
grid_338,121.7071266214098,31.14142303676918
grid_339,121.71648879037205,31.142918126512626
grid_34,121.80541326210484,31.028245163636928
grid_340,121.72517450677164,31.141815228700366
grid_341,121.73341539947744,31.143386839273518
grid_342,121.74351747218599,31.144006142740214
grid_343,121.75005059823081,31.142217071648123
grid_344,121.76069126928007,31.14222101051113
grid_345,121.7671177370347,31.141108642615425
grid_35,121.81369280062415,31.02694367430154
grid_357,121.68943736248757,31.14924471672723
grid_358,121.69700958135944,31.15041248699662
grid_359,121.70738622984561,31.15006847611308
grid_36,121.82365906884999,31.02740251997776
grid_360,121.71618897883087,31.150439341581944
grid_361,121.72474470289418,31.149546398399746
grid_362,121.7337306154958,31.14976692715147
grid_363,121.74325036892978,31.149924366541313
grid_364,121.75214815962528,31.149871800773763
grid_365,121.76008282874471,31.150605888945012
grid_366,121.76879575581378,31.151895184591265
grid_37,121.83283578215078,31.027240092297546
grid_378,121.68928221365314,31.15767216978333
grid_379,121.69846948610548,31.157203818270514
grid_38,121.84196025982902,31.028575607653927
grid_380,121.70709007987664,31.157090554455905
grid_381,121.71650273672903,31.15751971150435
grid_382,121.72437778162033,31.157312752991526
grid_383,121.73365474175587,31.157452129959065
grid_384,121.74287034471814,31.158075830783382
grid_385,121.75109292672023,31.15713317169864
grid_386,121.76120807590158,31.157656503479785
grid_387,121.77068134724401,31.15558840923176
grid_39,121.8503516226459,31.026132612055328
grid_398,121.69036436405146,31.164603000505405
grid_399,121.69866924204383,31.16425066724538
grid_4,121.72592317838871,31.01959194444162
grid_40,121.85884162315527,31.02774659621988
grid_400,121.70639625768717,31.16598475986056
grid_401,121.71572318042365,31.165571871852926
grid_402,121.72260707199307,31.164466678205727
grid_403,121.73594818339274,31.164074433657877
grid_404,121.74277117262338,31.16525041679997
grid_405,121.75123223070459,31.166364755748187
grid_406,121.76155295495164,31.164921036666733
grid_407,121.7695130323644,31.16555433058544
grid_417,121.68880960991972,31.173968571215838
grid_418,121.6993613000633,31.17335348040504
grid_419,121.70713200342627,31.17262509109478
grid_42,121.68979468676741,31.034142682206276
grid_420,121.71573918768993,31.17311202767223
grid_421,121.72494395204478,31.173102335106595
grid_422,121.7344498339567,31.17351304761223
grid_423,121.74291794240007,31.174141994486458
grid_424,121.75044194202188,31.17250483735678
grid_425,121.76070323548505,31.173463626084807
grid_426,121.76971842884394,31.172907396224648
grid_427,121.77832909067209,31.17503011091166
grid_43,121.69735245176034,31.034704097115135
grid_435,121.68928746877454,31.180407673675134
grid_436,121.69874355123072,31.180400504923536
grid_437,121.70745648316125,31.180852840750724
grid_438,121.71556503695274,31.181616023586802
grid_439,121.7256024664332,31.18071181900988
grid_44,121.70813107612419,31.034187757914612
grid_440,121.73558780458436,31.180273435017867
grid_441,121.7426961929847,31.18011840372595
grid_442,121.75003182824881,31.180958657369334
grid_443,121.75998255618205,31.178604353513865
grid_444,121.77141797072528,31.180555656590624
grid_445,121.77940639209888,31.1793285597491
grid_446,121.78927786807682,31.18034955042463
grid_447,121.7998457656602,31.179709855700626
grid_45,121.71433991358496,31.034315618353325
grid_452,121.68888701653523,31.188831319286205
grid_453,121.69879905906829,31.188663034215498
grid_454,121.70620101784276,31.1887893319285
grid_455,121.71360796876716,31.188566093311945
grid_456,121.7258705099207,31.18727035749163
grid_457,121.73438735644403,31.188753593175775
grid_458,121.74251298297199,31.18841763261043
grid_459,121.74907756535313,31.188204999685254
grid_46,121.7252658957026,31.034626413556214
grid_460,121.75976641823594,31.18649776929357
grid_461,121.77066134371059,31.187577437134205
grid_462,121.77543295904518,31.190185592271927
grid_463,121.78555077408171,31.187701549706468
grid_468,121.68933043794995,31.19397608538387
grid_469,121.69846536418868,31.193891094391063
grid_47,121.73464554110834,31.034697356036045
grid_470,121.70592853420756,31.194053194822615
grid_471,121.71559718726718,31.194251270816732
grid_472,121.72499655949412,31.194088468412623
grid_473,121.73325155572215,31.1941334524004
grid_474,121.74380467382706,31.194095832383464
grid_475,121.74988584082351,31.193473853079418
grid_476,121.75898116745404,31.19377694091785
grid_477,121.7684917537533,31.193919498083947
grid_478,121.78146378063543,31.194528833123574
grid_48,121.7417071812354,31.034174394139864
grid_49,121.75221977276881,31.034751578754076
grid_5,121.73400242357758,31.019713813192123
grid_50,121.76123724932042,31.034940869904975
grid_51,121.77084975839861,31.034328070004925
grid_52,121.77618328985477,31.032521440515985
grid_53,121.78713524370198,31.034745371904098
grid_54,121.79565531899503,31.034914897263718
grid_55,121.80508330800323,31.03465377820904
grid_56,121.81302489800626,31.032533492405047
grid_57,121.82247083041958,31.034824841724618
grid_58,121.8323570491023,31.034411346702758
grid_59,121.84187303516804,31.03364278583987
grid_6,121.74306162732682,31.01987152681857
grid_60,121.85157622344781,31.034311281257878
grid_61,121.85908830678797,31.033102956897178
grid_63,121.68776558880354,31.041355080051837
grid_64,121.69801292512497,31.04244408806223
grid_65,121.70726884739516,31.042384885295483
grid_66,121.71561446221372,31.04223605914851
grid_67,121.72601648159932,31.041343783966465
grid_68,121.7333616437263,31.042508016460577
grid_69,121.74240795659435,31.04239100492085
grid_7,121.75112350797949,31.019213874756737
grid_70,121.7523499362261,31.0416521212523
grid_71,121.76038386797569,31.042357496165724
grid_72,121.770185109099,31.042600389745765
grid_73,121.77708196552584,31.044013376712236
grid_74,121.78821233228683,31.04280274532537
grid_75,121.79803910056539,31.0406242316967
grid_76,121.80623061526424,31.04163900673725
grid_77,121.81466817642439,31.043084741846553
grid_78,121.82406425861937,31.041875114465427
grid_79,121.83224715186763,31.042234174243497
grid_8,121.75875258114198,31.019101378838954
grid_80,121.83936299919276,31.042672190357735
grid_81,121.84962872235637,31.042825206735827
grid_82,121.86034965656998,31.04414466164114
grid_83,121.86440207623502,31.044787221923325
grid_84,121.68907919948909,31.049688740672973
grid_85,121.69934134244276,31.048955290029266
grid_86,121.70691480521289,31.049166562783082
grid_87,121.71602244946986,31.049934703384697
grid_88,121.72423428062841,31.05020841002308
grid_89,121.73485780146149,31.049714153603638
grid_9,121.77027752993504,31.01893825408077
grid_90,121.7423484353555,31.050239342291505
grid_91,121.75207409847285,31.049600468741446
grid_92,121.76025527857377,31.049245223204046
grid_93,121.76898272790795,31.050421244005005
grid_94,121.7786822207555,31.05053545888649
grid_95,121.7888981307909,31.05038040040866
grid_96,121.79505248011606,31.05117910967019
grid_97,121.80509024830812,31.0507848484104
grid_98,121.8153593582475,31.050318257933213
grid_99,121.82371306507667,31.050038311237536
