tile_name,lon_center,lat_center
540400_141_106,94.2946308757502,29.259684989091824
540400_141_107,94.29702627721939,29.260833513684698
540400_141_126,94.29524437902182,29.261793832567687
540400_141_127,94.29946452515686,29.264149478226248
540400_141_144,94.27546182439141,29.271590278484865
540400_141_145,94.28339615295945,29.27315538944224
540400_141_146,94.28863090704053,29.276103114166908
540400_141_148,94.30530887888627,29.2701108155955
540400_141_165,94.27851606409035,29.281259285355894
540400_141_166,94.29134143551107,29.280160166718986
540400_141_168,94.31244115248829,29.281864502490162
540400_141_17,94.39439233524537,29.220519733470216
540400_141_173,94.35096065698993,29.284289273774224
540400_141_182,94.25318846568823,29.285453569279678
540400_141_189,94.32204371524121,29.286099565674128
540400_141_190,94.32736691650959,29.28967138959489
540400_141_20,94.23618937286396,29.227087022889393
540400_141_204,94.2715153807918,29.296226950201483
540400_141_207,94.30286077802339,29.296789001244687
540400_141_212,94.34234978673283,29.2985475514676
540400_141_228,94.31223034932891,29.303237746970154
540400_141_229,94.31483259294967,29.307520118255674
540400_141_231,94.33895336232773,29.301030014029827
540400_141_232,94.34299326119978,29.301112978622673
540400_141_234,94.3650520169193,29.306512538715968
540400_141_235,94.37098186031247,29.30737619227829
540400_141_248,94.30583731285215,29.309521648823832
540400_141_249,94.31617579887826,29.30885157613714
540400_141_253,94.3556192509522,29.309687975001104
540400_141_254,94.36505042479162,29.313803732834838
540400_141_255,94.37325856454942,29.311838736451957
540400_141_256,94.3793031088392,29.31249097582757
540400_141_271,94.33818993700982,29.321011405450314
540400_141_272,94.34344740551249,29.321875596698913
540400_141_275,94.37155266914662,29.317102400476642
540400_141_276,94.3846576917626,29.318189508843126
540400_141_277,94.38869557232323,29.32162776781297
540400_141_291,94.33853586738866,29.325470707574365
540400_141_292,94.34366665660471,29.324440378002798
540400_141_293,94.35768717273623,29.328787036047498
540400_141_294,94.36070845334898,29.329794801193398
540400_141_297,94.39214632622014,29.32530208868058
540400_141_298,94.39531609914418,29.32644603794783
540400_141_310,94.32908481408988,29.336042417890916
540400_141_315,94.37496414393563,29.338308465315208
540400_141_319,94.40671539688347,29.338858004374593
540400_141_330,94.32316222142167,29.34454599367708
540400_141_337,94.38754423283946,29.34612889646753
540400_141_338,94.4006077786962,29.340894531281705
540400_141_339,94.40844839684718,29.340461352148246
540400_141_357,94.38956164480501,29.347837131082514
540400_141_359,94.4118989601638,29.353022275545175
540400_141_40,94.23762544855157,29.234924878187257
540400_141_43,94.2666639498368,29.236496766679252
540400_141_62,94.25534902408111,29.243814735532613
540400_141_63,94.26042608693447,29.245037878278286
540400_141_80,94.23773782779361,29.252078271304022
540400_141_82,94.25876031517765,29.248020600992533
